{"env":"local-dev","mixAmtEth":"0.1","feeAmtEth":"0.001","mixAmtTokens":100,"feeAmtTokens":1,"tokenSym":"DAI","tokenDecimals":18,"chain":{"url":"http://localhost:8545","chainId":1234,"mix":{"gasLimit":1000000},"privateKeysPath":"../ganachePrivateKeys.json","deployedAddresses":{"MiMC":"0xF12b5dd4EAD5F743C6BaA640B0216200e89B60Da","Semaphore":"0x345cA3e014Aaf5dcA488057592ee47305D9B3e10","Mixer":"0xf25186B5081Ff5cE73482AD761DB0eB0d25abfBF","TokenMixer":"0x30753E4A8aad7F8597332E813735Def5dD395028","TokenSemaphore":"0x2C2B9C9a4a25e24B174f26114e8926a9f2128FE4","RelayerRegistry":"0xf204a4Ef082f5c04bB89F7D5E6568B796096735a","Token":"0x8CdaF0CD259887258Bc13a92C0a6dA92698644C0"}},"backend":{"port":3000,"host":"http://localhost","hotWalletPrivKeyPath":"/home/di/MIXER_SECRETS/hotWalletPrivKey_ganache.json","relayerAddress":"0x627306090abaB3A6e1400e9345bC60c78a8BEf57","etcd":{"host":"localhost","port":2379,"lockTime":7000},"testing":{"privKeys":["0xc87509a1c067bbde78beb793e6fa76530b6382a4c0241e5e4a9ec0a0f44dc0d3","0xae6ae8e5ccbfb04590405997ee2d52d2b330726137b875053c36d94e974d162f"]}},"frontend":{"snarks":{"paths":{"verificationKey":"http://localhost:8000/build/verification_key.json","circuit":"http://localhost:8000/build/circuit.json","provingKey":"http://localhost:8000/build/proving_key.bin"}},"countdown":{"endsAtUtcMidnight":false,"endsAfterSecs":2},"blockExplorerTxPrefix":"https://kovan.etherscan.io/tx/","supportedNetworkName":"local","supportedNetwork":1234}}
