[
  {
    "inputs": [],
    "payable": false,
    "stateMutability": "nonpayable",
    "type": "constructor"
  },
  {
    "anonymous": false,
    "inputs": [
      {
        "indexed": false,
        "internalType": "bytes32",
        "name": "normal",
        "type": "bytes32"
      },
      {
        "indexed": false,
        "internalType": "uint256",
        "name": "converted",
        "type": "uint256"
      },
      {
        "indexed": false,
        "internalType": "bytes32",
        "name": "normal_shifted",
        "type": "bytes32"
      },
      {
        "indexed": false,
        "internalType": "uint256",
        "name": "converted_shifted",
        "type": "uint256"
      }
    ],
    "name": "DebugHash",
    "type": "event"
  },
  {
    "anonymous": false,
    "inputs": [
      {
        "indexed": false,
        "internalType": "uint256",
        "name": "prev_rolling_hash",
        "type": "uint256"
      },
      {
        "indexed": false,
        "internalType": "uint256",
        "name": "signal_hash",
        "type": "uint256"
      },
      {
        "indexed": false,
        "internalType": "uint256",
        "name": "rolling_hash",
        "type": "uint256"
      },
      {
        "indexed": false,
        "internalType": "bytes",
        "name": "encoded",
        "type": "bytes"
      }
    ],
    "name": "DebugRollingHash",
    "type": "event"
  },
  {
    "constant": false,
    "inputs": [
      {
        "internalType": "bytes",
        "name": "signal",
        "type": "bytes"
      }
    ],
    "name": "Test",
    "outputs": [],
    "payable": false,
    "stateMutability": "nonpayable",
    "type": "function"
  }
]