[
  {
    "constant": true,
    "inputs": [],
    "name": "next_index",
    "outputs": [
      {
        "internalType": "uint32",
        "name": "",
        "type": "uint32"
      }
    ],
    "payable": false,
    "stateMutability": "view",
    "type": "function"
  },
  {
    "constant": true,
    "inputs": [
      {
        "internalType": "uint256",
        "name": "",
        "type": "uint256"
      }
    ],
    "name": "filled_subtrees",
    "outputs": [
      {
        "internalType": "uint256",
        "name": "",
        "type": "uint256"
      }
    ],
    "payable": false,
    "stateMutability": "view",
    "type": "function"
  },
  {
    "constant": true,
    "inputs": [
      {
        "internalType": "uint256",
        "name": "",
        "type": "uint256"
      }
    ],
    "name": "zeros",
    "outputs": [
      {
        "internalType": "uint256",
        "name": "",
        "type": "uint256"
      }
    ],
    "payable": false,
    "stateMutability": "view",
    "type": "function"
  },
  {
    "constant": true,
    "inputs": [],
    "name": "root",
    "outputs": [
      {
        "internalType": "uint256",
        "name": "",
        "type": "uint256"
      }
    ],
    "payable": false,
    "stateMutability": "view",
    "type": "function"
  },
  {
    "inputs": [
      {
        "internalType": "uint8",
        "name": "tree_levels",
        "type": "uint8"
      },
      {
        "internalType": "uint256",
        "name": "zero_value",
        "type": "uint256"
      }
    ],
    "payable": false,
    "stateMutability": "nonpayable",
    "type": "constructor"
  },
  {
    "anonymous": false,
    "inputs": [
      {
        "indexed": false,
        "internalType": "uint256",
        "name": "leaf",
        "type": "uint256"
      },
      {
        "indexed": false,
        "internalType": "uint32",
        "name": "leaf_index",
        "type": "uint32"
      }
    ],
    "name": "LeafAdded",
    "type": "event"
  },
  {
    "anonymous": false,
    "inputs": [
      {
        "indexed": false,
        "internalType": "uint256",
        "name": "leaf",
        "type": "uint256"
      },
      {
        "indexed": false,
        "internalType": "uint32",
        "name": "leaf_index",
        "type": "uint32"
      }
    ],
    "name": "LeafUpdated",
    "type": "event"
  },
  {
    "constant": true,
    "inputs": [
      {
        "internalType": "uint256",
        "name": "left",
        "type": "uint256"
      },
      {
        "internalType": "uint256",
        "name": "right",
        "type": "uint256"
      }
    ],
    "name": "HashLeftRight",
    "outputs": [
      {
        "internalType": "uint256",
        "name": "mimc_hash",
        "type": "uint256"
      }
    ],
    "payable": false,
    "stateMutability": "pure",
    "type": "function"
  }
]