[
  {
    "constant": true,
    "inputs": [
      {
        "internalType": "uint256",
        "name": "in_xL",
        "type": "uint256"
      },
      {
        "internalType": "uint256",
        "name": "in_xR",
        "type": "uint256"
      },
      {
        "internalType": "uint256",
        "name": "in_k",
        "type": "uint256"
      }
    ],
    "name": "MiMCSponge",
    "outputs": [
      {
        "internalType": "uint256",
        "name": "xL",
        "type": "uint256"
      },
      {
        "internalType": "uint256",
        "name": "xR",
        "type": "uint256"
      }
    ],
    "payable": false,
    "stateMutability": "pure",
    "type": "function"
  }
]