[
  {
    "constant": true,
    "inputs": [],
    "name": "mixAmt",
    "outputs": [
      {
        "internalType": "uint256",
        "name": "",
        "type": "uint256"
      }
    ],
    "payable": false,
    "stateMutability": "view",
    "type": "function"
  },
  {
    "constant": true,
    "inputs": [],
    "name": "semaphore",
    "outputs": [
      {
        "internalType": "contract Semaphore",
        "name": "",
        "type": "address"
      }
    ],
    "payable": false,
    "stateMutability": "view",
    "type": "function"
  },
  {
    "constant": true,
    "inputs": [],
    "name": "token",
    "outputs": [
      {
        "internalType": "contract IERC20",
        "name": "",
        "type": "address"
      }
    ],
    "payable": false,
    "stateMutability": "view",
    "type": "function"
  },
  {
    "inputs": [
      {
        "internalType": "address",
        "name": "_semaphore",
        "type": "address"
      },
      {
        "internalType": "uint256",
        "name": "_mixAmt",
        "type": "uint256"
      },
      {
        "internalType": "address",
        "name": "_token",
        "type": "address"
      }
    ],
    "payable": false,
    "stateMutability": "nonpayable",
    "type": "constructor"
  },
  {
    "anonymous": false,
    "inputs": [
      {
        "indexed": true,
        "internalType": "address",
        "name": "depositor",
        "type": "address"
      },
      {
        "indexed": true,
        "internalType": "uint256",
        "name": "mixAmt",
        "type": "uint256"
      },
      {
        "indexed": false,
        "internalType": "uint256",
        "name": "identityCommitment",
        "type": "uint256"
      }
    ],
    "name": "Deposited",
    "type": "event"
  },
  {
    "anonymous": false,
    "inputs": [
      {
        "indexed": true,
        "internalType": "address",
        "name": "depositor",
        "type": "address"
      },
      {
        "indexed": true,
        "internalType": "uint256",
        "name": "mixAmt",
        "type": "uint256"
      },
      {
        "indexed": false,
        "internalType": "uint256",
        "name": "identityCommitment",
        "type": "uint256"
      }
    ],
    "name": "DepositedERC20",
    "type": "event"
  },
  {
    "anonymous": false,
    "inputs": [
      {
        "indexed": true,
        "internalType": "address",
        "name": "recipient",
        "type": "address"
      },
      {
        "indexed": true,
        "internalType": "uint256",
        "name": "mixAmt",
        "type": "uint256"
      },
      {
        "indexed": true,
        "internalType": "uint256",
        "name": "operatorFeeEarned",
        "type": "uint256"
      }
    ],
    "name": "Mixed",
    "type": "event"
  },
  {
    "anonymous": false,
    "inputs": [
      {
        "indexed": true,
        "internalType": "address",
        "name": "recipient",
        "type": "address"
      },
      {
        "indexed": true,
        "internalType": "uint256",
        "name": "mixAmt",
        "type": "uint256"
      },
      {
        "indexed": true,
        "internalType": "uint256",
        "name": "operatorFeeEarned",
        "type": "uint256"
      }
    ],
    "name": "MixedERC20",
    "type": "event"
  },
  {
    "constant": true,
    "inputs": [],
    "name": "supportsEthOnly",
    "outputs": [
      {
        "internalType": "bool",
        "name": "",
        "type": "bool"
      }
    ],
    "payable": false,
    "stateMutability": "view",
    "type": "function"
  },
  {
    "constant": false,
    "inputs": [],
    "name": "setSemaphoreExternalNulllifier",
    "outputs": [],
    "payable": false,
    "stateMutability": "nonpayable",
    "type": "function"
  },
  {
    "constant": true,
    "inputs": [],
    "name": "getLeaves",
    "outputs": [
      {
        "internalType": "uint256[]",
        "name": "",
        "type": "uint256[]"
      }
    ],
    "payable": false,
    "stateMutability": "view",
    "type": "function"
  },
  {
    "constant": false,
    "inputs": [
      {
        "internalType": "uint256",
        "name": "_identityCommitment",
        "type": "uint256"
      }
    ],
    "name": "depositERC20",
    "outputs": [],
    "payable": false,
    "stateMutability": "nonpayable",
    "type": "function"
  },
  {
    "constant": false,
    "inputs": [
      {
        "internalType": "uint256",
        "name": "_identityCommitment",
        "type": "uint256"
      }
    ],
    "name": "deposit",
    "outputs": [],
    "payable": true,
    "stateMutability": "payable",
    "type": "function"
  },
  {
    "constant": false,
    "inputs": [
      {
        "components": [
          {
            "internalType": "bytes32",
            "name": "signal",
            "type": "bytes32"
          },
          {
            "internalType": "uint256[2]",
            "name": "a",
            "type": "uint256[2]"
          },
          {
            "internalType": "uint256[2][2]",
            "name": "b",
            "type": "uint256[2][2]"
          },
          {
            "internalType": "uint256[2]",
            "name": "c",
            "type": "uint256[2]"
          },
          {
            "internalType": "uint256[4]",
            "name": "input",
            "type": "uint256[4]"
          },
          {
            "internalType": "address payable",
            "name": "recipientAddress",
            "type": "address"
          },
          {
            "internalType": "uint256",
            "name": "fee",
            "type": "uint256"
          }
        ],
        "internalType": "struct Mixer.DepositProof",
        "name": "_proof",
        "type": "tuple"
      },
      {
        "internalType": "address payable",
        "name": "_relayerAddress",
        "type": "address"
      }
    ],
    "name": "mixERC20",
    "outputs": [],
    "payable": false,
    "stateMutability": "nonpayable",
    "type": "function"
  },
  {
    "constant": false,
    "inputs": [
      {
        "components": [
          {
            "internalType": "bytes32",
            "name": "signal",
            "type": "bytes32"
          },
          {
            "internalType": "uint256[2]",
            "name": "a",
            "type": "uint256[2]"
          },
          {
            "internalType": "uint256[2][2]",
            "name": "b",
            "type": "uint256[2][2]"
          },
          {
            "internalType": "uint256[2]",
            "name": "c",
            "type": "uint256[2]"
          },
          {
            "internalType": "uint256[4]",
            "name": "input",
            "type": "uint256[4]"
          },
          {
            "internalType": "address payable",
            "name": "recipientAddress",
            "type": "address"
          },
          {
            "internalType": "uint256",
            "name": "fee",
            "type": "uint256"
          }
        ],
        "internalType": "struct Mixer.DepositProof",
        "name": "_proof",
        "type": "tuple"
      },
      {
        "internalType": "address payable",
        "name": "_relayerAddress",
        "type": "address"
      }
    ],
    "name": "mix",
    "outputs": [],
    "payable": false,
    "stateMutability": "nonpayable",
    "type": "function"
  }
]