[
  {
    "constant": false,
    "inputs": [
      {
        "internalType": "uint8",
        "name": "tree_levels",
        "type": "uint8"
      },
      {
        "internalType": "uint256",
        "name": "zero_value",
        "type": "uint256"
      }
    ],
    "name": "init_tree",
    "outputs": [
      {
        "internalType": "uint8",
        "name": "tree_index",
        "type": "uint8"
      }
    ],
    "payable": false,
    "stateMutability": "nonpayable",
    "type": "function"
  },
  {
    "constant": true,
    "inputs": [
      {
        "internalType": "uint256",
        "name": "left",
        "type": "uint256"
      },
      {
        "internalType": "uint256",
        "name": "right",
        "type": "uint256"
      }
    ],
    "name": "HashLeftRight",
    "outputs": [
      {
        "internalType": "uint256",
        "name": "mimc_hash",
        "type": "uint256"
      }
    ],
    "payable": false,
    "stateMutability": "pure",
    "type": "function"
  },
  {
    "constant": true,
    "inputs": [
      {
        "internalType": "uint256",
        "name": "",
        "type": "uint256"
      }
    ],
    "name": "signals",
    "outputs": [
      {
        "internalType": "bytes",
        "name": "",
        "type": "bytes"
      }
    ],
    "payable": false,
    "stateMutability": "view",
    "type": "function"
  },
  {
    "constant": true,
    "inputs": [
      {
        "internalType": "uint256[2]",
        "name": "a",
        "type": "uint256[2]"
      },
      {
        "internalType": "uint256[2][2]",
        "name": "b",
        "type": "uint256[2][2]"
      },
      {
        "internalType": "uint256[2]",
        "name": "c",
        "type": "uint256[2]"
      },
      {
        "internalType": "uint256[4]",
        "name": "input",
        "type": "uint256[4]"
      }
    ],
    "name": "verifyProof",
    "outputs": [
      {
        "internalType": "bool",
        "name": "r",
        "type": "bool"
      }
    ],
    "payable": false,
    "stateMutability": "view",
    "type": "function"
  },
  {
    "constant": false,
    "inputs": [],
    "name": "renounceOwnership",
    "outputs": [],
    "payable": false,
    "stateMutability": "nonpayable",
    "type": "function"
  },
  {
    "constant": true,
    "inputs": [],
    "name": "owner",
    "outputs": [
      {
        "internalType": "address",
        "name": "",
        "type": "address"
      }
    ],
    "payable": false,
    "stateMutability": "view",
    "type": "function"
  },
  {
    "constant": true,
    "inputs": [],
    "name": "isOwner",
    "outputs": [
      {
        "internalType": "bool",
        "name": "",
        "type": "bool"
      }
    ],
    "payable": false,
    "stateMutability": "view",
    "type": "function"
  },
  {
    "constant": true,
    "inputs": [],
    "name": "current_signal_index",
    "outputs": [
      {
        "internalType": "uint256",
        "name": "",
        "type": "uint256"
      }
    ],
    "payable": false,
    "stateMutability": "view",
    "type": "function"
  },
  {
    "constant": true,
    "inputs": [],
    "name": "is_broadcast_permissioned",
    "outputs": [
      {
        "internalType": "bool",
        "name": "",
        "type": "bool"
      }
    ],
    "payable": false,
    "stateMutability": "view",
    "type": "function"
  },
  {
    "constant": true,
    "inputs": [],
    "name": "id_tree_index",
    "outputs": [
      {
        "internalType": "uint8",
        "name": "",
        "type": "uint8"
      }
    ],
    "payable": false,
    "stateMutability": "view",
    "type": "function"
  },
  {
    "constant": false,
    "inputs": [
      {
        "internalType": "address",
        "name": "newOwner",
        "type": "address"
      }
    ],
    "name": "transferOwnership",
    "outputs": [],
    "payable": false,
    "stateMutability": "nonpayable",
    "type": "function"
  },
  {
    "inputs": [
      {
        "internalType": "uint8",
        "name": "tree_levels",
        "type": "uint8"
      },
      {
        "internalType": "uint256",
        "name": "zero_value",
        "type": "uint256"
      },
      {
        "internalType": "uint256",
        "name": "first_external_nullifier",
        "type": "uint256"
      }
    ],
    "payable": false,
    "stateMutability": "nonpayable",
    "type": "constructor"
  },
  {
    "anonymous": false,
    "inputs": [
      {
        "indexed": false,
        "internalType": "bytes",
        "name": "signal",
        "type": "bytes"
      },
      {
        "indexed": false,
        "internalType": "uint256",
        "name": "nullifiers_hash",
        "type": "uint256"
      },
      {
        "indexed": false,
        "internalType": "uint256",
        "name": "external_nullifier",
        "type": "uint256"
      }
    ],
    "name": "SignalBroadcast",
    "type": "event"
  },
  {
    "anonymous": false,
    "inputs": [
      {
        "indexed": true,
        "internalType": "address",
        "name": "previousOwner",
        "type": "address"
      },
      {
        "indexed": true,
        "internalType": "address",
        "name": "newOwner",
        "type": "address"
      }
    ],
    "name": "OwnershipTransferred",
    "type": "event"
  },
  {
    "anonymous": false,
    "inputs": [
      {
        "indexed": false,
        "internalType": "uint8",
        "name": "tree_index",
        "type": "uint8"
      },
      {
        "indexed": false,
        "internalType": "uint256",
        "name": "leaf",
        "type": "uint256"
      },
      {
        "indexed": false,
        "internalType": "uint32",
        "name": "leaf_index",
        "type": "uint32"
      }
    ],
    "name": "LeafAdded",
    "type": "event"
  },
  {
    "anonymous": false,
    "inputs": [
      {
        "indexed": false,
        "internalType": "uint8",
        "name": "tree_index",
        "type": "uint8"
      },
      {
        "indexed": false,
        "internalType": "uint256",
        "name": "leaf",
        "type": "uint256"
      },
      {
        "indexed": false,
        "internalType": "uint32",
        "name": "leaf_index",
        "type": "uint32"
      }
    ],
    "name": "LeafUpdated",
    "type": "event"
  },
  {
    "constant": false,
    "inputs": [
      {
        "internalType": "uint256",
        "name": "identity_commitment",
        "type": "uint256"
      }
    ],
    "name": "insertIdentity",
    "outputs": [],
    "payable": false,
    "stateMutability": "nonpayable",
    "type": "function"
  },
  {
    "constant": false,
    "inputs": [
      {
        "internalType": "uint256",
        "name": "old_leaf",
        "type": "uint256"
      },
      {
        "internalType": "uint256",
        "name": "leaf",
        "type": "uint256"
      },
      {
        "internalType": "uint32",
        "name": "leaf_index",
        "type": "uint32"
      },
      {
        "internalType": "uint256[]",
        "name": "old_path",
        "type": "uint256[]"
      },
      {
        "internalType": "uint256[]",
        "name": "path",
        "type": "uint256[]"
      }
    ],
    "name": "updateIdentity",
    "outputs": [],
    "payable": false,
    "stateMutability": "nonpayable",
    "type": "function"
  },
  {
    "constant": true,
    "inputs": [
      {
        "internalType": "uint256",
        "name": "n",
        "type": "uint256"
      }
    ],
    "name": "hasNullifier",
    "outputs": [
      {
        "internalType": "bool",
        "name": "",
        "type": "bool"
      }
    ],
    "payable": false,
    "stateMutability": "view",
    "type": "function"
  },
  {
    "constant": true,
    "inputs": [
      {
        "internalType": "uint256",
        "name": "n",
        "type": "uint256"
      }
    ],
    "name": "isInRootHistory",
    "outputs": [
      {
        "internalType": "bool",
        "name": "",
        "type": "bool"
      }
    ],
    "payable": false,
    "stateMutability": "view",
    "type": "function"
  },
  {
    "constant": true,
    "inputs": [
      {
        "internalType": "uint256[2]",
        "name": "a",
        "type": "uint256[2]"
      },
      {
        "internalType": "uint256[2][2]",
        "name": "b",
        "type": "uint256[2][2]"
      },
      {
        "internalType": "uint256[2]",
        "name": "c",
        "type": "uint256[2]"
      },
      {
        "internalType": "uint256[4]",
        "name": "input",
        "type": "uint256[4]"
      },
      {
        "internalType": "uint256",
        "name": "signal_hash",
        "type": "uint256"
      }
    ],
    "name": "preBroadcastCheck",
    "outputs": [
      {
        "internalType": "bool",
        "name": "",
        "type": "bool"
      }
    ],
    "payable": false,
    "stateMutability": "view",
    "type": "function"
  },
  {
    "constant": false,
    "inputs": [
      {
        "internalType": "bytes",
        "name": "signal",
        "type": "bytes"
      },
      {
        "internalType": "uint256[2]",
        "name": "a",
        "type": "uint256[2]"
      },
      {
        "internalType": "uint256[2][2]",
        "name": "b",
        "type": "uint256[2][2]"
      },
      {
        "internalType": "uint256[2]",
        "name": "c",
        "type": "uint256[2]"
      },
      {
        "internalType": "uint256[4]",
        "name": "input",
        "type": "uint256[4]"
      }
    ],
    "name": "broadcastSignal",
    "outputs": [],
    "payable": false,
    "stateMutability": "nonpayable",
    "type": "function"
  },
  {
    "constant": true,
    "inputs": [
      {
        "internalType": "uint8",
        "name": "tree_index",
        "type": "uint8"
      }
    ],
    "name": "root",
    "outputs": [
      {
        "internalType": "uint256",
        "name": "",
        "type": "uint256"
      }
    ],
    "payable": false,
    "stateMutability": "view",
    "type": "function"
  },
  {
    "constant": true,
    "inputs": [
      {
        "internalType": "uint8",
        "name": "tree_index",
        "type": "uint8"
      }
    ],
    "name": "leaves",
    "outputs": [
      {
        "internalType": "uint256[]",
        "name": "",
        "type": "uint256[]"
      }
    ],
    "payable": false,
    "stateMutability": "view",
    "type": "function"
  },
  {
    "constant": true,
    "inputs": [
      {
        "internalType": "uint8",
        "name": "tree_index",
        "type": "uint8"
      },
      {
        "internalType": "uint256",
        "name": "leaf_index",
        "type": "uint256"
      }
    ],
    "name": "leaf",
    "outputs": [
      {
        "internalType": "uint256",
        "name": "",
        "type": "uint256"
      }
    ],
    "payable": false,
    "stateMutability": "view",
    "type": "function"
  },
  {
    "constant": true,
    "inputs": [],
    "name": "getIdTreeIndex",
    "outputs": [
      {
        "internalType": "uint8",
        "name": "",
        "type": "uint8"
      }
    ],
    "payable": false,
    "stateMutability": "view",
    "type": "function"
  },
  {
    "constant": false,
    "inputs": [
      {
        "internalType": "uint256",
        "name": "_external_nullifier",
        "type": "uint256"
      }
    ],
    "name": "addExternalNullifier",
    "outputs": [],
    "payable": false,
    "stateMutability": "nonpayable",
    "type": "function"
  },
  {
    "constant": false,
    "inputs": [
      {
        "internalType": "uint256",
        "name": "_external_nullifier",
        "type": "uint256"
      }
    ],
    "name": "removeExternalNullifier",
    "outputs": [],
    "payable": false,
    "stateMutability": "nonpayable",
    "type": "function"
  },
  {
    "constant": true,
    "inputs": [],
    "name": "getNextExternalNullifierIndex",
    "outputs": [
      {
        "internalType": "uint256",
        "name": "",
        "type": "uint256"
      }
    ],
    "payable": false,
    "stateMutability": "view",
    "type": "function"
  },
  {
    "constant": true,
    "inputs": [
      {
        "internalType": "uint256",
        "name": "_index",
        "type": "uint256"
      }
    ],
    "name": "getExternalNullifierByIndex",
    "outputs": [
      {
        "internalType": "uint256",
        "name": "",
        "type": "uint256"
      }
    ],
    "payable": false,
    "stateMutability": "view",
    "type": "function"
  },
  {
    "constant": true,
    "inputs": [
      {
        "internalType": "uint256",
        "name": "_external_nullifier",
        "type": "uint256"
      }
    ],
    "name": "hasExternalNullifier",
    "outputs": [
      {
        "internalType": "bool",
        "name": "",
        "type": "bool"
      }
    ],
    "payable": false,
    "stateMutability": "view",
    "type": "function"
  },
  {
    "constant": false,
    "inputs": [
      {
        "internalType": "bool",
        "name": "_newPermission",
        "type": "bool"
      }
    ],
    "name": "setPermissioning",
    "outputs": [],
    "payable": false,
    "stateMutability": "nonpayable",
    "type": "function"
  }
]